cue	判定	読み上げ文	実際の読み	語ごと
s1_1_name	OK	下ごしらえ不要！ズボラ飯、3選！	シタゴシラエフヨーズボラメシサンセン	下ごしらえ/シタゴシラエ 不要/フヨー ズボラ/ズボラ 飯/メシ 三/サン 選/セン
s1_2_blue	OK	包丁も、まな板も、使わないよ。	ホーチョーモマナイタモツカワナイヨ	包丁/ホーチョー も/モ まな板/マナイタ も/モ 使わ/ツカワ ない/ナイ よ/ヨ
s1_3_pink	OK	疲れた日の、強い味方だよ！	ツカレタヒノツヨイミカタダヨ	疲れ/ツカレ た/タ 日/ヒ の/ノ 強い/ツヨイ 味方/ミカタ だ/ダ よ/ヨ
s2_1_name	OK	いっぴんめ、レンジで、かまたまうどん。	イッピンメレンジデカマタマウドン	いっぴん/イッピン め/メ レンジ/レンジ で/デ かまた/カマタ ま/マ うどん/ウドン
s2_2_blue	OK	帰ってすぐ、食べたい夜に！	カエッテスグタベタイヨルニ	帰っ/カエッ て/テ すぐ/スグ 食べ/タベ たい/タイ 夜/ヨル に/ニ
s2_3_pink	OK	冷凍うどんをチンして、卵とめんつゆをかけるだけ！	レートーウドンヲチンシテタマゴトメンツユヲカケルダケ	冷凍/レートー うどん/ウドン を/ヲ チン/チン し/シ て/テ 卵/タマゴ と/ト めんつゆ/メンツユ を/ヲ かける/カケル だけ/ダケ
s3_1_name	OK	にひんめ、炊き込みサバ缶ごはん。	ニヒンメタキコミサバカンゴハン	に/ニ ひん/ヒン め/メ 炊き込み/タキコミ サバ/サバ 缶/カン ごはん/ゴハン
s3_2_blue	OK	おかずを作る元気がない日に。	オカズヲツクルゲンキガナイヒニ	おかず/オカズ を/ヲ 作る/ツクル 元気/ゲンキ が/ガ ない/ナイ 日/ヒ に/ニ
s3_3_pink	OK	無洗米に缶汁とめんつゆ、サバをのせて炊くだけ！	ムセンマイニカンジルトメンツユサバヲノセテタクダケ	無/ム 洗米/センマイ に/ニ 缶/カン 汁/ジル と/ト めんつゆ/メンツユ サバ/サバ を/ヲ のせ/ノセ て/テ 炊く/タク だけ/ダケ
s4_1_name	OK	さんぴんめ、ツナのレンジパスタ。	サンピンメツナノレンジパスタ	さんぴん/サンピン め/メ ツナ/ツナ の/ノ レンジ/レンジ パスタ/パスタ
s4_2_blue	OK	鍋もザルも、出したくない日に。	ナベモザルモダシタクナイヒニ	鍋/ナベ も/モ ザル/ザル も/モ 出し/ダシ たく/タク ない/ナイ 日/ヒ に/ニ
s4_3_pink	OK	パスタ容器でチンして、ツナとめんつゆで和えるだけ！	パスタヨーキデチンシテツナトメンツユデアエルダケ	パスタ/パスタ 容器/ヨーキ で/デ チン/チン し/シ て/テ ツナ/ツナ と/ト めんつゆ/メンツユ で/デ 和える/アエル だけ/ダケ
s5_1_name	OK	まとめ。3品とも、包丁いらず！	マトメサンピントモホーチョーイラズ	まとめ/マトメ 三/サン 品/ピン とも/トモ 包丁/ホーチョー いら/イラ ず/ズ
s5_2_blue	OK	時間と水加減は、商品と炊飯器の表示どおりに。	ジカントミズカゲンワショーヒントスイハンキノヒョージドーリニ	時間/ジカン と/ト 水加減/ミズカゲン は/ワ 商品/ショーヒン と/ト 炊飯/スイハン 器/キ の/ノ 表示/ヒョージ どおり/ドーリ に/ニ
s5_3_pink	OK	保存して、今夜さっそく作ってみてね！	ホゾンシテコンヤサッソクツクッテミテネ	保存/ホゾン し/シ て/テ 今夜/コンヤ さっそく/サッソク 作っ/ツクッ て/テ み/ミ て/テ ね/ネ
