cue,項目,役割,切り替え開始(秒),切り替え終了(秒),開始フレーム,終了フレーム,声の長さ(秒),声の終わり(秒),画像,音声ファイル,字幕
s1_1_name,テーマ,名前,0.30,3.73,0,112,3.20,3.50,op_noknife,audio/s1_1_name.wav,"下ごしらえ不要！ ズボラ飯3選"
s1_2_blue,テーマ,青コメント,3.73,6.53,112,196,2.58,6.31,op_noknife,audio/s1_2_blue.wav,"包丁もまな板も 使わないよ"
s1_3_pink,テーマ,ピンクコメント,6.53,9.30,196,279,2.26,8.79,lineup,audio/s1_3_pink.wav,"疲れた日の 強い味方だよ！"
s2_1_name,1品目,名前,9.30,12.17,279,365,2.66,11.96,d1_dish,audio/s2_1_name.wav,"レンジで釜玉うどん"
s2_2_blue,1品目,青コメント,12.17,14.37,365,431,1.99,14.16,d1_dish,audio/s2_2_blue.wav,"帰ってすぐ 食べたい夜に！"
s2_3_pink,1品目,ピンクコメント,14.37,18.23,431,547,3.37,17.74,d1_how,audio/s2_3_pink.wav,"冷凍うどんをチンして 卵とめんつゆをかけるだけ"
s3_1_name,2品目,名前,18.23,20.90,547,627,2.45,20.68,d2_dish,audio/s3_1_name.wav,"炊き込みサバ缶ごはん"
s3_2_blue,2品目,青コメント,20.90,23.10,627,693,1.99,22.89,d2_dish,audio/s3_2_blue.wav,"おかずを作る 元気がない日に"
s3_3_pink,2品目,ピンクコメント,23.10,27.17,693,815,3.57,26.67,d2_how,audio/s3_3_pink.wav,"無洗米に缶汁とめんつゆ サバをのせて炊くだけ"
s4_1_name,3品目,名前,27.17,29.73,815,892,2.35,29.52,d3_dish,audio/s4_1_name.wav,"ツナのレンジパスタ"
s4_2_blue,3品目,青コメント,29.73,32.10,892,963,2.15,31.88,d3_dish,audio/s4_2_blue.wav,"鍋もザルも 出したくない日に"
s4_3_pink,3品目,ピンクコメント,32.10,35.80,963,1074,3.20,35.30,d3_how,audio/s4_3_pink.wav,"パスタ容器でチンして ツナとめんつゆで和えるだけ"
s5_1_name,まとめ,名前,35.80,39.03,1074,1171,3.02,38.82,lineup,audio/s5_1_name.wav,"3品とも包丁いらず！"
s5_2_blue,まとめ,青コメント,39.03,43.13,1171,1294,3.88,42.91,ed_check,audio/s5_2_blue.wav,"時間と水加減は 商品と炊飯器の表示どおりに"
s5_3_pink,まとめ,ピンクコメント,43.13,47.13,1294,1414,2.79,45.92,ed_save,audio/s5_3_pink.wav,"保存して 今夜さっそく作ってみてね！"
